factor,BF
Attended Area,9.53190186812766
Number of Locations,0.9164225419990493
Overlap Process,7.92730664580414
Set Size,75.0982764986387
