factor,BF
Attended Area,13.977129337456704
Number of Locations,2.484785153747913
Overlap Process,98.38566993686715
Set Size,370.80832088052847
