factor,BF
Attended Area,5322.145802620656
Number of Locations,0.24695505546408095
Overlap Process,269.0600040762573
Set Size,2688.4220826585906
