factor,BF
Attended Area,5173.479137696906
Number of Locations,0.24636707440012445
Overlap Process,205.924872055975
Set Size,1445.6731565567748
